<?xml version="1.0" encoding="UTF-8"?>
<GenRun Id="impl_1" LaunchPart="xc7a35tcpg236-1" LaunchTime="1715885129">
  <File Type="ROUTE-PWR" Name="digitalClock_power_routed.rpt"/>
  <File Type="PA-TCL" Name="digitalClock.tcl"/>
  <File Type="BITSTR-MMI" Name="digitalClock.mmi"/>
  <File Type="OPT-METHODOLOGY-DRC" Name="digitalClock_methodology_drc_opted.rpt"/>
  <File Type="INIT-TIMING" Name="digitalClock_timing_summary_init.rpt"/>
  <File Type="ROUTE-PWR-SUM" Name="digitalClock_power_summary_routed.pb"/>
  <File Type="REPORTS-TCL" Name="digitalClock_reports.tcl"/>
  <File Type="OPT-TIMING" Name="digitalClock_timing_summary_opted.rpt"/>
  <File Type="OPT-DCP" Name="digitalClock_opt.dcp"/>
  <File Type="OPT-DRC" Name="digitalClock_drc_opted.rpt"/>
  <File Type="OPT-HWDEF" Name="digitalClock.hwdef"/>
  <File Type="PWROPT-DCP" Name="digitalClock_pwropt.dcp"/>
  <File Type="PWROPT-DRC" Name="digitalClock_drc_pwropted.rpt"/>
  <File Type="PWROPT-TIMING" Name="digitalClock_timing_summary_pwropted.rpt"/>
  <File Type="PLACE-DCP" Name="digitalClock_placed.dcp"/>
  <File Type="PLACE-IO" Name="digitalClock_io_placed.rpt"/>
  <File Type="PLACE-CLK" Name="digitalClock_clock_utilization_placed.rpt"/>
  <File Type="PLACE-UTIL" Name="digitalClock_utilization_placed.rpt"/>
  <File Type="PLACE-UTIL-PB" Name="digitalClock_utilization_placed.pb"/>
  <File Type="PLACE-CTRL" Name="digitalClock_control_sets_placed.rpt"/>
  <File Type="PLACE-SIMILARITY" Name="digitalClock_incremental_reuse_placed.rpt"/>
  <File Type="PLACE-PRE-SIMILARITY" Name="digitalClock_incremental_reuse_pre_placed.rpt"/>
  <File Type="BG-BIN" Name="digitalClock.bin"/>
  <File Type="PLACE-TIMING" Name="digitalClock_timing_summary_placed.rpt"/>
  <File Type="POSTPLACE-PWROPT-DCP" Name="digitalClock_postplace_pwropt.dcp"/>
  <File Type="BITSTR-MSK" Name="digitalClock.msk"/>
  <File Type="POSTPLACE-PWROPT-TIMING" Name="digitalClock_timing_summary_postplace_pwropted.rpt"/>
  <File Type="PHYSOPT-DCP" Name="digitalClock_physopt.dcp"/>
  <File Type="PHYSOPT-DRC" Name="digitalClock_drc_physopted.rpt"/>
  <File Type="BITSTR-RBT" Name="digitalClock.rbt"/>
  <File Type="PHYSOPT-TIMING" Name="digitalClock_timing_summary_physopted.rpt"/>
  <File Type="ROUTE-ERROR-DCP" Name="digitalClock_routed_error.dcp"/>
  <File Type="ROUTE-DCP" Name="digitalClock_routed.dcp"/>
  <File Type="ROUTE-BLACKBOX-DCP" Name="digitalClock_routed_bb.dcp"/>
  <File Type="ROUTE-DRC" Name="digitalClock_drc_routed.rpt"/>
  <File Type="ROUTE-DRC-PB" Name="digitalClock_drc_routed.pb"/>
  <File Type="ROUTE-DRC-RPX" Name="digitalClock_drc_routed.rpx"/>
  <File Type="ROUTE-METHODOLOGY-DRC" Name="digitalClock_methodology_drc_routed.rpt"/>
  <File Type="ROUTE-METHODOLOGY-DRC-RPX" Name="digitalClock_methodology_drc_routed.rpx"/>
  <File Type="ROUTE-METHODOLOGY-DRC-PB" Name="digitalClock_methodology_drc_routed.pb"/>
  <File Type="ROUTE-PWR-RPX" Name="digitalClock_power_routed.rpx"/>
  <File Type="ROUTE-STATUS" Name="digitalClock_route_status.rpt"/>
  <File Type="ROUTE-STATUS-PB" Name="digitalClock_route_status.pb"/>
  <File Type="ROUTE-TIMINGSUMMARY" Name="digitalClock_timing_summary_routed.rpt"/>
  <File Type="ROUTE-TIMING-PB" Name="digitalClock_timing_summary_routed.pb"/>
  <File Type="ROUTE-TIMING-RPX" Name="digitalClock_timing_summary_routed.rpx"/>
  <File Type="ROUTE-SIMILARITY" Name="digitalClock_incremental_reuse_routed.rpt"/>
  <File Type="ROUTE-CLK" Name="digitalClock_clock_utilization_routed.rpt"/>
  <File Type="ROUTE-BUS-SKEW" Name="digitalClock_bus_skew_routed.rpt"/>
  <File Type="ROUTE-BUS-SKEW-PB" Name="digitalClock_bus_skew_routed.pb"/>
  <File Type="ROUTE-BUS-SKEW-RPX" Name="digitalClock_bus_skew_routed.rpx"/>
  <File Type="POSTROUTE-PHYSOPT-DCP" Name="digitalClock_postroute_physopt.dcp"/>
  <File Type="POSTROUTE-PHYSOPT-BLACKBOX-DCP" Name="digitalClock_postroute_physopt_bb.dcp"/>
  <File Type="POSTROUTE-PHYSOPT-TIMING" Name="digitalClock_timing_summary_postroute_physopted.rpt"/>
  <File Type="POSTROUTE-PHYSOPT-TIMING-PB" Name="digitalClock_timing_summary_postroute_physopted.pb"/>
  <File Type="POSTROUTE-PHYSOPT-TIMING-RPX" Name="digitalClock_timing_summary_postroute_physopted.rpx"/>
  <File Type="POSTROUTE-PHYSOPT-BUS-SKEW" Name="digitalClock_bus_skew_postroute_physopted.rpt"/>
  <File Type="BG-BIT" Name="digitalClock.bit"/>
  <File Type="POSTROUTE-PHYSOPT-BUS-SKEW-PB" Name="digitalClock_bus_skew_postroute_physopted.pb"/>
  <File Type="POSTROUTE-PHYSOPT-BUS-SKEW-RPX" Name="digitalClock_bus_skew_postroute_physopted.rpx"/>
  <File Type="BITSTR-NKY" Name="digitalClock.nky"/>
  <File Type="BITSTR-BMM" Name="digitalClock_bd.bmm"/>
  <File Type="PDI-FILE" Name="digitalClock.pdi"/>
  <File Type="RCFI_FILE" Name="digitalClock.rcfi"/>
  <File Type="CFI_FILE" Name="digitalClock.cfi"/>
  <File Type="RNPI_FILE" Name="digitalClock.rnpi"/>
  <File Type="NPI_FILE" Name="digitalClock.npi"/>
  <File Type="RBD_FILE" Name="digitalClock.rbd"/>
  <File Type="BITSTR-LTX" Name="debug_nets.ltx"/>
  <File Type="BITSTR-LTX" Name="digitalClock.ltx"/>
  <File Type="BITSTR-SYSDEF" Name="digitalClock.sysdef"/>
  <File Type="BG-BGN" Name="digitalClock.bgn"/>
  <File Type="BG-DRC" Name="digitalClock.drc"/>
  <File Type="RDI-RDI" Name="digitalClock.vdi"/>
  <File Type="WBT-USG" Name="usage_statistics_webtalk.html"/>
  <File Type="ROUTE-RQS" Name="digitalClock_routed.rqs"/>
  <File Type="POSTROUTE-PHYSOPT-RQS" Name="digitalClock_postroute_physopted.rqs"/>
  <File Type="ROUTE-RQS-RPT" Name="route_report_qor_suggestions_0.rpt"/>
  <File Type="POSTROUTE-PHYSOPT-RQS-RPT" Name="postroute_physopt_report_qor_suggestions_0.rpt"/>
  <FileSet Name="sources" Type="DesignSrcs" RelSrcDir="$PSRCDIR/sources_1" RelGenDir="$PGENDIR/sources_1">
    <Filter Type="Srcs"/>
    <File Path="$PSRCDIR/sources_1/new/DFF.v">
      <FileInfo>
        <Attr Name="UsedIn" Val="synthesis"/>
        <Attr Name="UsedIn" Val="implementation"/>
        <Attr Name="UsedIn" Val="simulation"/>
      </FileInfo>
    </File>
    <File Path="$PSRCDIR/sources_1/new/SevenSegDecWithEn.v">
      <FileInfo>
        <Attr Name="UsedIn" Val="synthesis"/>
        <Attr Name="UsedIn" Val="implementation"/>
        <Attr Name="UsedIn" Val="simulation"/>
      </FileInfo>
    </File>
    <File Path="$PSRCDIR/sources_1/new/clockDivider.v">
      <FileInfo>
        <Attr Name="UsedIn" Val="synthesis"/>
        <Attr Name="UsedIn" Val="implementation"/>
        <Attr Name="UsedIn" Val="simulation"/>
      </FileInfo>
    </File>
    <File Path="$PSRCDIR/sources_1/new/counter_x_bit.v">
      <FileInfo>
        <Attr Name="UsedIn" Val="synthesis"/>
        <Attr Name="UsedIn" Val="implementation"/>
        <Attr Name="UsedIn" Val="simulation"/>
      </FileInfo>
    </File>
    <File Path="$PSRCDIR/sources_1/new/debouncer.v">
      <FileInfo>
        <Attr Name="UsedIn" Val="synthesis"/>
        <Attr Name="UsedIn" Val="implementation"/>
        <Attr Name="UsedIn" Val="simulation"/>
      </FileInfo>
    </File>
    <File Path="$PSRCDIR/sources_1/new/minSecCount.v">
      <FileInfo>
        <Attr Name="UsedIn" Val="synthesis"/>
        <Attr Name="UsedIn" Val="implementation"/>
        <Attr Name="UsedIn" Val="simulation"/>
      </FileInfo>
    </File>
    <File Path="$PSRCDIR/sources_1/new/modulo10.v">
      <FileInfo>
        <Attr Name="UsedIn" Val="synthesis"/>
        <Attr Name="UsedIn" Val="implementation"/>
        <Attr Name="UsedIn" Val="simulation"/>
      </FileInfo>
    </File>
    <File Path="$PSRCDIR/sources_1/new/modulo6.v">
      <FileInfo>
        <Attr Name="UsedIn" Val="synthesis"/>
        <Attr Name="UsedIn" Val="implementation"/>
        <Attr Name="UsedIn" Val="simulation"/>
      </FileInfo>
    </File>
    <File Path="$PSRCDIR/sources_1/new/modulo_3.v">
      <FileInfo>
        <Attr Name="UsedIn" Val="synthesis"/>
        <Attr Name="UsedIn" Val="implementation"/>
        <Attr Name="UsedIn" Val="simulation"/>
      </FileInfo>
    </File>
    <File Path="$PSRCDIR/sources_1/new/mux4x1.v">
      <FileInfo>
        <Attr Name="UsedIn" Val="synthesis"/>
        <Attr Name="UsedIn" Val="implementation"/>
        <Attr Name="UsedIn" Val="simulation"/>
      </FileInfo>
    </File>
    <File Path="$PSRCDIR/sources_1/new/pushButtonDetector.v">
      <FileInfo>
        <Attr Name="UsedIn" Val="synthesis"/>
        <Attr Name="UsedIn" Val="implementation"/>
        <Attr Name="UsedIn" Val="simulation"/>
      </FileInfo>
    </File>
    <File Path="$PSRCDIR/sources_1/new/rising_edge.v">
      <FileInfo>
        <Attr Name="UsedIn" Val="synthesis"/>
        <Attr Name="UsedIn" Val="implementation"/>
        <Attr Name="UsedIn" Val="simulation"/>
      </FileInfo>
    </File>
    <File Path="$PSRCDIR/sources_1/new/synchronizer.v">
      <FileInfo>
        <Attr Name="UsedIn" Val="synthesis"/>
        <Attr Name="UsedIn" Val="implementation"/>
        <Attr Name="UsedIn" Val="simulation"/>
      </FileInfo>
    </File>
    <File Path="$PSRCDIR/sources_1/new/digitalClock.v">
      <FileInfo>
        <Attr Name="UsedIn" Val="synthesis"/>
        <Attr Name="UsedIn" Val="implementation"/>
        <Attr Name="UsedIn" Val="simulation"/>
      </FileInfo>
    </File>
    <File Path="$PSRCDIR/sources_1/new/tff.v">
      <FileInfo>
        <Attr Name="AutoDisabled" Val="1"/>
        <Attr Name="UsedIn" Val="synthesis"/>
        <Attr Name="UsedIn" Val="implementation"/>
        <Attr Name="UsedIn" Val="simulation"/>
      </FileInfo>
    </File>
    <File Path="$PSRCDIR/sources_1/new/modulo5.v">
      <FileInfo>
        <Attr Name="AutoDisabled" Val="1"/>
        <Attr Name="UsedIn" Val="synthesis"/>
        <Attr Name="UsedIn" Val="implementation"/>
        <Attr Name="UsedIn" Val="simulation"/>
      </FileInfo>
    </File>
    <Config>
      <Option Name="DesignMode" Val="RTL"/>
      <Option Name="TopModule" Val="digitalClock"/>
    </Config>
  </FileSet>
  <FileSet Name="constrs_in" Type="Constrs" RelSrcDir="$PSRCDIR/constrs_1">
    <Filter Type="Constrs"/>
    <File Path="$PSRCDIR/constrs_1/new/constraintClockDivider.xdc">
      <FileInfo>
        <Attr Name="UserDisabled" Val="1"/>
        <Attr Name="UsedIn" Val="synthesis"/>
        <Attr Name="UsedIn" Val="implementation"/>
      </FileInfo>
    </File>
    <File Path="$PSRCDIR/constrs_1/new/constrsMod10.xdc">
      <FileInfo>
        <Attr Name="UserDisabled" Val="1"/>
        <Attr Name="UsedIn" Val="synthesis"/>
        <Attr Name="UsedIn" Val="implementation"/>
      </FileInfo>
    </File>
    <File Path="$PSRCDIR/constrs_1/new/constrMinSecCounter.xdc">
      <FileInfo>
        <Attr Name="UserDisabled" Val="1"/>
        <Attr Name="UsedIn" Val="synthesis"/>
        <Attr Name="UsedIn" Val="implementation"/>
      </FileInfo>
    </File>
    <File Path="$PSRCDIR/constrs_1/new/constrDigitalClock.xdc">
      <FileInfo>
        <Attr Name="UsedIn" Val="synthesis"/>
        <Attr Name="UsedIn" Val="implementation"/>
      </FileInfo>
    </File>
    <Config>
      <Option Name="TargetConstrsFile" Val="$PSRCDIR/constrs_1/new/constrDigitalClock.xdc"/>
      <Option Name="ConstrsType" Val="XDC"/>
    </Config>
  </FileSet>
  <FileSet Name="utils" Type="Utils" RelSrcDir="$PSRCDIR/utils_1">
    <Filter Type="Utils"/>
    <File Path="$PSRCDIR/utils_1/imports/synth_1/digitalClock.dcp">
      <FileInfo>
        <Attr Name="UsedIn" Val="synthesis"/>
        <Attr Name="UsedIn" Val="implementation"/>
        <Attr Name="UsedInSteps" Val="synth_1"/>
        <Attr Name="AutoDcp" Val="1"/>
      </FileInfo>
    </File>
    <Config>
      <Option Name="TopAutoSet" Val="TRUE"/>
    </Config>
  </FileSet>
  <Strategy Version="1" Minor="2">
    <StratHandle Name="Vivado Implementation Defaults" Flow="Vivado Implementation 2022"/>
    <Step Id="init_design"/>
    <Step Id="opt_design"/>
    <Step Id="power_opt_design"/>
    <Step Id="place_design"/>
    <Step Id="post_place_power_opt_design"/>
    <Step Id="phys_opt_design"/>
    <Step Id="route_design"/>
    <Step Id="post_route_phys_opt_design"/>
    <Step Id="write_bitstream"/>
  </Strategy>
</GenRun>
